Time,Torque,AngAccel,AngVel,Angle,Force.x,Force.y,Accel.x,Accel.y,Vel.x,Vel.y,Pos.x,Pos.y,
1.985,0,0,0,0,0,0,0,0,0,0,0,0,
2.98099,0,0,0,0,5e+06,0,5e+06,0,5.485e+06,0,3.55526e+08,0,
3.97499,0,0,0,0,5e+06,0,5e+06,0,1.046e+07,0,1.31054e+09,0,
4.96598,0,0,0,0,5e+06,0,5e+06,0,3.205e+06,0,1.21883e+08,0,
5.96296,6.291e+08,629.1,597.645,283.881,1.0483e+06,2.2696e+06,1.0483e+06,2.2696e+06,-133726,-239654,-1.35668e+07,-2.5214e+07,
6.95895,6.291e+08,629.1,1224.23,1191.17,-2.18041e+06,-1.22304e+06,-2.18041e+06,-1.22304e+06,-64462.3,-129274,-2.16136e+07,-4.35102e+07,
7.95694,6.291e+08,629.1,68.5719,3.73717,-2.06956e+06,-1.40246e+06,-2.06956e+06,-1.40246e+06,-225583,-152869,-12294.2,-8331.33,
8.94697,6.291e+08,629.1,692.01,380.606,-2.22544e+06,-1.13904e+06,-2.22544e+06,-1.13904e+06,-182415,-249228,-2.37545e+07,-2.33657e+07,
